id,age,profession,nom,prenom
1,56,Profession1,Name1,Surname1
2,46,Profession2,Name2,Surname2
3,32,Profession3,Name3,Surname3
4,60,Profession4,Name4,Surname4
5,25,Profession5,Name5,Surname5
6,38,Profession6,Name6,Surname6
7,56,Profession7,Name7,Surname7
8,36,Profession8,Name8,Surname8
9,40,Profession9,Name9,Surname9
10,28,Profession10,Name10,Surname10
11,28,Profession11,Name11,Surname11
12,41,Profession12,Name12,Surname12
13,53,Profession13,Name13,Surname13
14,57,Profession14,Name14,Surname14
15,41,Profession15,Name15,Surname15
16,20,Profession16,Name16,Surname16
17,39,Profession17,Name17,Surname17
18,19,Profession18,Name18,Surname18
19,41,Profession19,Name19,Surname19
20,61,Profession20,Name20,Surname20
21,47,Profession21,Name21,Surname21
22,55,Profession22,Name22,Surname22
23,19,Profession23,Name23,Surname23
24,38,Profession24,Name24,Surname24
25,50,Profession25,Name25,Surname25
26,29,Profession26,Name26,Surname26
27,39,Profession27,Name27,Surname27
28,61,Profession28,Name28,Surname28
29,42,Profession29,Name29,Surname29
30,44,Profession30,Name30,Surname30
31,59,Profession31,Name31,Surname31
32,45,Profession32,Name32,Surname32
33,33,Profession33,Name33,Surname33
34,32,Profession34,Name34,Surname34
35,64,Profession35,Name35,Surname35
36,61,Profession36,Name36,Surname36
37,20,Profession37,Name37,Surname37
38,54,Profession38,Name38,Surname38
39,24,Profession39,Name39,Surname39
40,38,Profession40,Name40,Surname40
41,26,Profession41,Name41,Surname41
42,56,Profession42,Name42,Surname42
43,35,Profession43,Name43,Surname43
44,21,Profession44,Name44,Surname44
45,42,Profession45,Name45,Surname45
46,31,Profession46,Name46,Surname46
47,26,Profession47,Name47,Surname47
48,43,Profession48,Name48,Surname48
49,19,Profession49,Name49,Surname49
50,37,Profession50,Name50,Surname50
51,45,Profession51,Name51,Surname51
52,64,Profession52,Name52,Surname52
53,24,Profession53,Name53,Surname53
54,61,Profession54,Name54,Surname54
55,25,Profession55,Name55,Surname55
56,64,Profession56,Name56,Surname56
57,52,Profession57,Name57,Surname57
58,31,Profession58,Name58,Surname58
59,34,Profession59,Name59,Surname59
60,53,Profession60,Name60,Surname60
61,57,Profession61,Name61,Surname61
62,21,Profession62,Name62,Surname62
63,19,Profession63,Name63,Surname63
64,23,Profession64,Name64,Surname64
65,59,Profession65,Name65,Surname65
66,21,Profession66,Name66,Surname66
67,46,Profession67,Name67,Surname67
68,35,Profession68,Name68,Surname68
69,43,Profession69,Name69,Surname69
70,61,Profession70,Name70,Surname70
71,51,Profession71,Name71,Surname71
72,27,Profession72,Name72,Surname72
73,53,Profession73,Name73,Surname73
74,31,Profession74,Name74,Surname74
75,48,Profession75,Name75,Surname75
76,32,Profession76,Name76,Surname76
77,25,Profession77,Name77,Surname77
78,31,Profession78,Name78,Surname78
79,40,Profession79,Name79,Surname79
80,57,Profession80,Name80,Surname80
81,38,Profession81,Name81,Surname81
82,33,Profession82,Name82,Surname82
83,62,Profession83,Name83,Surname83
84,35,Profession84,Name84,Surname84
85,64,Profession85,Name85,Surname85
86,41,Profession86,Name86,Surname86
87,43,Profession87,Name87,Surname87
88,42,Profession88,Name88,Surname88
89,62,Profession89,Name89,Surname89
90,58,Profession90,Name90,Surname90
91,46,Profession91,Name91,Surname91
92,32,Profession92,Name92,Surname92
93,62,Profession93,Name93,Surname93
94,18,Profession94,Name94,Surname94
95,42,Profession95,Name95,Surname95
96,24,Profession96,Name96,Surname96
97,26,Profession97,Name97,Surname97
98,41,Profession98,Name98,Surname98
99,18,Profession99,Name99,Surname99
100,61,Profession100,Name100,Surname100
101,25,Profession101,Name101,Surname101
102,41,Profession102,Name102,Surname102
103,28,Profession103,Name103,Surname103
104,34,Profession104,Name104,Surname104
105,25,Profession105,Name105,Surname105
106,52,Profession106,Name106,Surname106
107,52,Profession107,Name107,Surname107
108,50,Profession108,Name108,Surname108
109,22,Profession109,Name109,Surname109
110,59,Profession110,Name110,Surname110
111,56,Profession111,Name111,Surname111
112,58,Profession112,Name112,Surname112
113,45,Profession113,Name113,Surname113
114,24,Profession114,Name114,Surname114
115,26,Profession115,Name115,Surname115
116,25,Profession116,Name116,Surname116
117,29,Profession117,Name117,Surname117
118,51,Profession118,Name118,Surname118
119,50,Profession119,Name119,Surname119
120,40,Profession120,Name120,Surname120
121,41,Profession121,Name121,Surname121
122,54,Profession122,Name122,Surname122
123,52,Profession123,Name123,Surname123
124,61,Profession124,Name124,Surname124
125,57,Profession125,Name125,Surname125
126,39,Profession126,Name126,Surname126
127,44,Profession127,Name127,Surname127
128,52,Profession128,Name128,Surname128
129,18,Profession129,Name129,Surname129
130,52,Profession130,Name130,Surname130
131,54,Profession131,Name131,Surname131
132,64,Profession132,Name132,Surname132
133,31,Profession133,Name133,Surname133
134,20,Profession134,Name134,Surname134
135,18,Profession135,Name135,Surname135
136,22,Profession136,Name136,Surname136
137,43,Profession137,Name137,Surname137
138,31,Profession138,Name138,Surname138
139,56,Profession139,Name139,Surname139
140,44,Profession140,Name140,Surname140
141,26,Profession141,Name141,Surname141
142,32,Profession142,Name142,Surname142
143,32,Profession143,Name143,Surname143
144,43,Profession144,Name144,Surname144
145,59,Profession145,Name145,Surname145
146,30,Profession146,Name146,Surname146
147,49,Profession147,Name147,Surname147
148,56,Profession148,Name148,Surname148
149,49,Profession149,Name149,Surname149
150,21,Profession150,Name150,Surname150
151,47,Profession151,Name151,Surname151
152,54,Profession152,Name152,Surname152
153,40,Profession153,Name153,Surname153
154,56,Profession154,Name154,Surname154
155,62,Profession155,Name155,Surname155
156,32,Profession156,Name156,Surname156
157,60,Profession157,Name157,Surname157
158,46,Profession158,Name158,Surname158
159,53,Profession159,Name159,Surname159
160,30,Profession160,Name160,Surname160
161,49,Profession161,Name161,Surname161
162,24,Profession162,Name162,Surname162
163,39,Profession163,Name163,Surname163
164,45,Profession164,Name164,Surname164
165,19,Profession165,Name165,Surname165
166,59,Profession166,Name166,Surname166
167,62,Profession167,Name167,Surname167
168,23,Profession168,Name168,Surname168
169,45,Profession169,Name169,Surname169
170,45,Profession170,Name170,Surname170
171,61,Profession171,Name171,Surname171
172,61,Profession172,Name172,Surname172
173,37,Profession173,Name173,Surname173
174,47,Profession174,Name174,Surname174
175,28,Profession175,Name175,Surname175
176,45,Profession176,Name176,Surname176
177,42,Profession177,Name177,Surname177
178,56,Profession178,Name178,Surname178
179,50,Profession179,Name179,Surname179
180,18,Profession180,Name180,Surname180
181,44,Profession181,Name181,Surname181
182,30,Profession182,Name182,Surname182
183,58,Profession183,Name183,Surname183
184,20,Profession184,Name184,Surname184
185,56,Profession185,Name185,Surname185
186,23,Profession186,Name186,Surname186
187,25,Profession187,Name187,Surname187
188,44,Profession188,Name188,Surname188
189,26,Profession189,Name189,Surname189
190,54,Profession190,Name190,Surname190
191,50,Profession191,Name191,Surname191
192,59,Profession192,Name192,Surname192
193,61,Profession193,Name193,Surname193
194,41,Profession194,Name194,Surname194
195,32,Profession195,Name195,Surname195
196,49,Profession196,Name196,Surname196
197,49,Profession197,Name197,Surname197
198,41,Profession198,Name198,Surname198
199,58,Profession199,Name199,Surname199
200,29,Profession200,Name200,Surname200
201,56,Profession201,Name201,Surname201
202,19,Profession202,Name202,Surname202
203,20,Profession203,Name203,Surname203
204,54,Profession204,Name204,Surname204
205,34,Profession205,Name205,Surname205
206,19,Profession206,Name206,Surname206
207,19,Profession207,Name207,Surname207
208,45,Profession208,Name208,Surname208
209,40,Profession209,Name209,Surname209
210,54,Profession210,Name210,Surname210
211,49,Profession211,Name211,Surname211
212,50,Profession212,Name212,Surname212
213,18,Profession213,Name213,Surname213
214,36,Profession214,Name214,Surname214
215,19,Profession215,Name215,Surname215
216,61,Profession216,Name216,Surname216
217,43,Profession217,Name217,Surname217
218,49,Profession218,Name218,Surname218
219,23,Profession219,Name219,Surname219
220,49,Profession220,Name220,Surname220
221,21,Profession221,Name221,Surname221
222,28,Profession222,Name222,Surname222
223,34,Profession223,Name223,Surname223
224,55,Profession224,Name224,Surname224
225,41,Profession225,Name225,Surname225
226,22,Profession226,Name226,Surname226
227,51,Profession227,Name227,Surname227
228,23,Profession228,Name228,Surname228
229,39,Profession229,Name229,Surname229
230,28,Profession230,Name230,Surname230
231,33,Profession231,Name231,Surname231
232,50,Profession232,Name232,Surname232
233,26,Profession233,Name233,Surname233
234,23,Profession234,Name234,Surname234
235,33,Profession235,Name235,Surname235
236,46,Profession236,Name236,Surname236
237,20,Profession237,Name237,Surname237
238,37,Profession238,Name238,Surname238
239,53,Profession239,Name239,Surname239
240,36,Profession240,Name240,Surname240
241,43,Profession241,Name241,Surname241
242,20,Profession242,Name242,Surname242
243,36,Profession243,Name243,Surname243
244,37,Profession244,Name244,Surname244
245,49,Profession245,Name245,Surname245
246,24,Profession246,Name246,Surname246
247,58,Profession247,Name247,Surname247
248,50,Profession248,Name248,Surname248
249,57,Profession249,Name249,Surname249
250,56,Profession250,Name250,Surname250
251,35,Profession251,Name251,Surname251
252,57,Profession252,Name252,Surname252
253,18,Profession253,Name253,Surname253
254,28,Profession254,Name254,Surname254
255,45,Profession255,Name255,Surname255
256,42,Profession256,Name256,Surname256
257,40,Profession257,Name257,Surname257
258,48,Profession258,Name258,Surname258
259,47,Profession259,Name259,Surname259
260,59,Profession260,Name260,Surname260
261,52,Profession261,Name261,Surname261
262,24,Profession262,Name262,Surname262
263,33,Profession263,Name263,Surname263
264,43,Profession264,Name264,Surname264
265,19,Profession265,Name265,Surname265
266,18,Profession266,Name266,Surname266
267,29,Profession267,Name267,Surname267
268,22,Profession268,Name268,Surname268
269,54,Profession269,Name269,Surname269
270,49,Profession270,Name270,Surname270
271,26,Profession271,Name271,Surname271
272,58,Profession272,Name272,Surname272
273,52,Profession273,Name273,Surname273
274,36,Profession274,Name274,Surname274
275,33,Profession275,Name275,Surname275
276,20,Profession276,Name276,Surname276
277,37,Profession277,Name277,Surname277
278,41,Profession278,Name278,Surname278
279,50,Profession279,Name279,Surname279
280,41,Profession280,Name280,Surname280
281,28,Profession281,Name281,Surname281
282,25,Profession282,Name282,Surname282
283,53,Profession283,Name283,Surname283
284,55,Profession284,Name284,Surname284
285,57,Profession285,Name285,Surname285
286,37,Profession286,Name286,Surname286
287,52,Profession287,Name287,Surname287
288,42,Profession288,Name288,Surname288
289,52,Profession289,Name289,Surname289
290,42,Profession290,Name290,Surname290
291,46,Profession291,Name291,Surname291
292,35,Profession292,Name292,Surname292
293,63,Profession293,Name293,Surname293
294,35,Profession294,Name294,Surname294
295,19,Profession295,Name295,Surname295
296,52,Profession296,Name296,Surname296
297,33,Profession297,Name297,Surname297
298,58,Profession298,Name298,Surname298
299,53,Profession299,Name299,Surname299
300,50,Profession300,Name300,Surname300
301,21,Profession301,Name301,Surname301
302,50,Profession302,Name302,Surname302
303,31,Profession303,Name303,Surname303
304,38,Profession304,Name304,Surname304
305,37,Profession305,Name305,Surname305
306,25,Profession306,Name306,Surname306
307,24,Profession307,Name307,Surname307
308,20,Profession308,Name308,Surname308
309,34,Profession309,Name309,Surname309
310,50,Profession310,Name310,Surname310
311,29,Profession311,Name311,Surname311
312,39,Profession312,Name312,Surname312
313,39,Profession313,Name313,Surname313
314,63,Profession314,Name314,Surname314
315,47,Profession315,Name315,Surname315
316,55,Profession316,Name316,Surname316
317,55,Profession317,Name317,Surname317
318,62,Profession318,Name318,Surname318
319,25,Profession319,Name319,Surname319
320,44,Profession320,Name320,Surname320
321,44,Profession321,Name321,Surname321
322,51,Profession322,Name322,Surname322
323,38,Profession323,Name323,Surname323
324,47,Profession324,Name324,Surname324
325,50,Profession325,Name325,Surname325
326,45,Profession326,Name326,Surname326
327,64,Profession327,Name327,Surname327
328,50,Profession328,Name328,Surname328
329,22,Profession329,Name329,Surname329
330,36,Profession330,Name330,Surname330
331,21,Profession331,Name331,Surname331
332,52,Profession332,Name332,Surname332
333,34,Profession333,Name333,Surname333
334,61,Profession334,Name334,Surname334
335,45,Profession335,Name335,Surname335
336,47,Profession336,Name336,Surname336
337,46,Profession337,Name337,Surname337
338,63,Profession338,Name338,Surname338
339,23,Profession339,Name339,Surname339
340,52,Profession340,Name340,Surname340
341,58,Profession341,Name341,Surname341
342,54,Profession342,Name342,Surname342
343,41,Profession343,Name343,Surname343
344,46,Profession344,Name344,Surname344
345,63,Profession345,Name345,Surname345
346,48,Profession346,Name346,Surname346
347,52,Profession347,Name347,Surname347
348,50,Profession348,Name348,Surname348
349,38,Profession349,Name349,Surname349
350,49,Profession350,Name350,Surname350
351,40,Profession351,Name351,Surname351
352,50,Profession352,Name352,Surname352
353,20,Profession353,Name353,Surname353
354,35,Profession354,Name354,Surname354
355,42,Profession355,Name355,Surname355
356,59,Profession356,Name356,Surname356
357,48,Profession357,Name357,Surname357
358,20,Profession358,Name358,Surname358
359,57,Profession359,Name359,Surname359
360,63,Profession360,Name360,Surname360
361,41,Profession361,Name361,Surname361
362,49,Profession362,Name362,Surname362
363,64,Profession363,Name363,Surname363
364,39,Profession364,Name364,Surname364
365,40,Profession365,Name365,Surname365
366,19,Profession366,Name366,Surname366
367,44,Profession367,Name367,Surname367
368,59,Profession368,Name368,Surname368
369,19,Profession369,Name369,Surname369
370,43,Profession370,Name370,Surname370
371,34,Profession371,Name371,Surname371
372,57,Profession372,Name372,Surname372
373,50,Profession373,Name373,Surname373
374,26,Profession374,Name374,Surname374
375,60,Profession375,Name375,Surname375
376,56,Profession376,Name376,Surname376
377,46,Profession377,Name377,Surname377
378,59,Profession378,Name378,Surname378
379,43,Profession379,Name379,Surname379
380,52,Profession380,Name380,Surname380
381,42,Profession381,Name381,Surname381
382,41,Profession382,Name382,Surname382
383,30,Profession383,Name383,Surname383
384,24,Profession384,Name384,Surname384
385,53,Profession385,Name385,Surname385
386,62,Profession386,Name386,Surname386
387,37,Profession387,Name387,Surname387
388,18,Profession388,Name388,Surname388
389,25,Profession389,Name389,Surname389
390,63,Profession390,Name390,Surname390
391,33,Profession391,Name391,Surname391
392,31,Profession392,Name392,Surname392
393,29,Profession393,Name393,Surname393
394,40,Profession394,Name394,Surname394
395,32,Profession395,Name395,Surname395
396,45,Profession396,Name396,Surname396
397,51,Profession397,Name397,Surname397
398,19,Profession398,Name398,Surname398
399,49,Profession399,Name399,Surname399
400,40,Profession400,Name400,Surname400
401,39,Profession401,Name401,Surname401
402,42,Profession402,Name402,Surname402
403,39,Profession403,Name403,Surname403
404,39,Profession404,Name404,Surname404
405,59,Profession405,Name405,Surname405
406,23,Profession406,Name406,Surname406
407,32,Profession407,Name407,Surname407
408,60,Profession408,Name408,Surname408
409,54,Profession409,Name409,Surname409
410,50,Profession410,Name410,Surname410
411,25,Profession411,Name411,Surname411
412,61,Profession412,Name412,Surname412
413,61,Profession413,Name413,Surname413
414,22,Profession414,Name414,Surname414
415,56,Profession415,Name415,Surname415
416,21,Profession416,Name416,Surname416
417,23,Profession417,Name417,Surname417
418,62,Profession418,Name418,Surname418
419,49,Profession419,Name419,Surname419
420,47,Profession420,Name420,Surname420
421,64,Profession421,Name421,Surname421
422,52,Profession422,Name422,Surname422
423,57,Profession423,Name423,Surname423
424,33,Profession424,Name424,Surname424
425,30,Profession425,Name425,Surname425
426,59,Profession426,Name426,Surname426
427,47,Profession427,Name427,Surname427
428,36,Profession428,Name428,Surname428
429,34,Profession429,Name429,Surname429
430,36,Profession430,Name430,Surname430
431,45,Profession431,Name431,Surname431
432,43,Profession432,Name432,Surname432
433,54,Profession433,Name433,Surname433
434,43,Profession434,Name434,Surname434
435,40,Profession435,Name435,Surname435
436,26,Profession436,Name436,Surname436
437,29,Profession437,Name437,Surname437
438,18,Profession438,Name438,Surname438
439,18,Profession439,Name439,Surname439
440,64,Profession440,Name440,Surname440
441,51,Profession441,Name441,Surname441
442,49,Profession442,Name442,Surname442
443,42,Profession443,Name443,Surname443
444,57,Profession444,Name444,Surname444
445,62,Profession445,Name445,Surname445
446,18,Profession446,Name446,Surname446
447,33,Profession447,Name447,Surname447
448,56,Profession448,Name448,Surname448
449,22,Profession449,Name449,Surname449
450,39,Profession450,Name450,Surname450
451,46,Profession451,Name451,Surname451
452,20,Profession452,Name452,Surname452
453,29,Profession453,Name453,Surname453
454,43,Profession454,Name454,Surname454
455,33,Profession455,Name455,Surname455
456,54,Profession456,Name456,Surname456
457,39,Profession457,Name457,Surname457
458,46,Profession458,Name458,Surname458
459,31,Profession459,Name459,Surname459
460,45,Profession460,Name460,Surname460
461,22,Profession461,Name461,Surname461
462,64,Profession462,Name462,Surname462
463,47,Profession463,Name463,Surname463
464,63,Profession464,Name464,Surname464
465,22,Profession465,Name465,Surname465
466,29,Profession466,Name466,Surname466
467,33,Profession467,Name467,Surname467
468,43,Profession468,Name468,Surname468
469,43,Profession469,Name469,Surname469
470,38,Profession470,Name470,Surname470
471,56,Profession471,Name471,Surname471
472,53,Profession472,Name472,Surname472
473,50,Profession473,Name473,Surname473
474,47,Profession474,Name474,Surname474
475,54,Profession475,Name475,Surname475
476,40,Profession476,Name476,Surname476
477,27,Profession477,Name477,Surname477
478,22,Profession478,Name478,Surname478
479,53,Profession479,Name479,Surname479
480,51,Profession480,Name480,Surname480
481,48,Profession481,Name481,Surname481
482,27,Profession482,Name482,Surname482
483,36,Profession483,Name483,Surname483
484,49,Profession484,Name484,Surname484
485,18,Profession485,Name485,Surname485
486,22,Profession486,Name486,Surname486
487,62,Profession487,Name487,Surname487
488,21,Profession488,Name488,Surname488
489,33,Profession489,Name489,Surname489
490,41,Profession490,Name490,Surname490
491,33,Profession491,Name491,Surname491
492,19,Profession492,Name492,Surname492
493,45,Profession493,Name493,Surname493
494,49,Profession494,Name494,Surname494
495,44,Profession495,Name495,Surname495
496,37,Profession496,Name496,Surname496
497,41,Profession497,Name497,Surname497
498,29,Profession498,Name498,Surname498
499,52,Profession499,Name499,Surname499
500,50,Profession500,Name500,Surname500
501,50,Profession501,Name501,Surname501
502,60,Profession502,Name502,Surname502
503,54,Profession503,Name503,Surname503
504,29,Profession504,Name504,Surname504
505,20,Profession505,Name505,Surname505
506,18,Profession506,Name506,Surname506
507,50,Profession507,Name507,Surname507
508,57,Profession508,Name508,Surname508
509,27,Profession509,Name509,Surname509
510,60,Profession510,Name510,Surname510
511,61,Profession511,Name511,Surname511
512,46,Profession512,Name512,Surname512
513,30,Profession513,Name513,Surname513
514,29,Profession514,Name514,Surname514
515,48,Profession515,Name515,Surname515
516,63,Profession516,Name516,Surname516
517,19,Profession517,Name517,Surname517
518,52,Profession518,Name518,Surname518
519,40,Profession519,Name519,Surname519
520,34,Profession520,Name520,Surname520
521,43,Profession521,Name521,Surname521
522,25,Profession522,Name522,Surname522
523,46,Profession523,Name523,Surname523
524,43,Profession524,Name524,Surname524
525,27,Profession525,Name525,Surname525
526,43,Profession526,Name526,Surname526
527,51,Profession527,Name527,Surname527
528,58,Profession528,Name528,Surname528
529,24,Profession529,Name529,Surname529
530,21,Profession530,Name530,Surname530
531,62,Profession531,Name531,Surname531
532,28,Profession532,Name532,Surname532
533,46,Profession533,Name533,Surname533
534,53,Profession534,Name534,Surname534
535,42,Profession535,Name535,Surname535
536,38,Profession536,Name536,Surname536
537,53,Profession537,Name537,Surname537
538,27,Profession538,Name538,Surname538
539,54,Profession539,Name539,Surname539
540,26,Profession540,Name540,Surname540
541,41,Profession541,Name541,Surname541
542,52,Profession542,Name542,Surname542
543,52,Profession543,Name543,Surname543
544,53,Profession544,Name544,Surname544
545,35,Profession545,Name545,Surname545
546,56,Profession546,Name546,Surname546
547,49,Profession547,Name547,Surname547
548,41,Profession548,Name548,Surname548
549,40,Profession549,Name549,Surname549
550,49,Profession550,Name550,Surname550
551,54,Profession551,Name551,Surname551
552,29,Profession552,Name552,Surname552
553,30,Profession553,Name553,Surname553
554,40,Profession554,Name554,Surname554
555,42,Profession555,Name555,Surname555
556,52,Profession556,Name556,Surname556
557,58,Profession557,Name557,Surname557
558,47,Profession558,Name558,Surname558
559,34,Profession559,Name559,Surname559
560,37,Profession560,Name560,Surname560
561,42,Profession561,Name561,Surname561
562,39,Profession562,Name562,Surname562
563,30,Profession563,Name563,Surname563
564,36,Profession564,Name564,Surname564
565,53,Profession565,Name565,Surname565
566,29,Profession566,Name566,Surname566
567,58,Profession567,Name567,Surname567
568,36,Profession568,Name568,Surname568
569,29,Profession569,Name569,Surname569
570,26,Profession570,Name570,Surname570
571,24,Profession571,Name571,Surname571
572,45,Profession572,Name572,Surname572
573,31,Profession573,Name573,Surname573
574,48,Profession574,Name574,Surname574
575,36,Profession575,Name575,Surname575
576,64,Profession576,Name576,Surname576
577,33,Profession577,Name577,Surname577
578,22,Profession578,Name578,Surname578
579,52,Profession579,Name579,Surname579
580,29,Profession580,Name580,Surname580
581,42,Profession581,Name581,Surname581
582,38,Profession582,Name582,Surname582
583,53,Profession583,Name583,Surname583
584,40,Profession584,Name584,Surname584
585,33,Profession585,Name585,Surname585
586,56,Profession586,Name586,Surname586
587,62,Profession587,Name587,Surname587
588,59,Profession588,Name588,Surname588
589,56,Profession589,Name589,Surname589
590,31,Profession590,Name590,Surname590
591,48,Profession591,Name591,Surname591
592,22,Profession592,Name592,Surname592
593,52,Profession593,Name593,Surname593
594,40,Profession594,Name594,Surname594
595,46,Profession595,Name595,Surname595
596,60,Profession596,Name596,Surname596
597,28,Profession597,Name597,Surname597
598,35,Profession598,Name598,Surname598
599,64,Profession599,Name599,Surname599
600,29,Profession600,Name600,Surname600
601,26,Profession601,Name601,Surname601
602,27,Profession602,Name602,Surname602
603,61,Profession603,Name603,Surname603
604,34,Profession604,Name604,Surname604
605,55,Profession605,Name605,Surname605
606,24,Profession606,Name606,Surname606
607,63,Profession607,Name607,Surname607
608,30,Profession608,Name608,Surname608
609,57,Profession609,Name609,Surname609
610,59,Profession610,Name610,Surname610
611,26,Profession611,Name611,Surname611
612,44,Profession612,Name612,Surname612
613,19,Profession613,Name613,Surname613
614,22,Profession614,Name614,Surname614
615,46,Profession615,Name615,Surname615
616,54,Profession616,Name616,Surname616
617,55,Profession617,Name617,Surname617
618,36,Profession618,Name618,Surname618
619,25,Profession619,Name619,Surname619
620,62,Profession620,Name620,Surname620
621,18,Profession621,Name621,Surname621
622,39,Profession622,Name622,Surname622
623,34,Profession623,Name623,Surname623
624,24,Profession624,Name624,Surname624
625,42,Profession625,Name625,Surname625
626,62,Profession626,Name626,Surname626
627,21,Profession627,Name627,Surname627
628,53,Profession628,Name628,Surname628
629,23,Profession629,Name629,Surname629
630,48,Profession630,Name630,Surname630
631,36,Profession631,Name631,Surname631
632,61,Profession632,Name632,Surname632
633,56,Profession633,Name633,Surname633
634,44,Profession634,Name634,Surname634
635,27,Profession635,Name635,Surname635
636,43,Profession636,Name636,Surname636
637,36,Profession637,Name637,Surname637
638,56,Profession638,Name638,Surname638
639,20,Profession639,Name639,Surname639
640,62,Profession640,Name640,Surname640
641,30,Profession641,Name641,Surname641
642,45,Profession642,Name642,Surname642
643,37,Profession643,Name643,Surname643
644,45,Profession644,Name644,Surname644
645,25,Profession645,Name645,Surname645
646,58,Profession646,Name646,Surname646
647,56,Profession647,Name647,Surname647
648,18,Profession648,Name648,Surname648
649,20,Profession649,Name649,Surname649
650,30,Profession650,Name650,Surname650
651,45,Profession651,Name651,Surname651
652,42,Profession652,Name652,Surname652
653,50,Profession653,Name653,Surname653
654,55,Profession654,Name654,Surname654
655,23,Profession655,Name655,Surname655
656,61,Profession656,Name656,Surname656
657,62,Profession657,Name657,Surname657
658,49,Profession658,Name658,Surname658
659,62,Profession659,Name659,Surname659
660,64,Profession660,Name660,Surname660
661,38,Profession661,Name661,Surname661
662,33,Profession662,Name662,Surname662
663,38,Profession663,Name663,Surname663
664,28,Profession664,Name664,Surname664
665,54,Profession665,Name665,Surname665
666,53,Profession666,Name666,Surname666
667,52,Profession667,Name667,Surname667
668,36,Profession668,Name668,Surname668
669,37,Profession669,Name669,Surname669
670,35,Profession670,Name670,Surname670
671,64,Profession671,Name671,Surname671
672,58,Profession672,Name672,Surname672
673,31,Profession673,Name673,Surname673
674,32,Profession674,Name674,Surname674
675,48,Profession675,Name675,Surname675
676,18,Profession676,Name676,Surname676
677,20,Profession677,Name677,Surname677
678,33,Profession678,Name678,Surname678
679,40,Profession679,Name679,Surname679
680,28,Profession680,Name680,Surname680
681,29,Profession681,Name681,Surname681
682,27,Profession682,Name682,Surname682
683,49,Profession683,Name683,Surname683
684,33,Profession684,Name684,Surname684
685,25,Profession685,Name685,Surname685
686,55,Profession686,Name686,Surname686
687,29,Profession687,Name687,Surname687
688,41,Profession688,Name688,Surname688
689,45,Profession689,Name689,Surname689
690,25,Profession690,Name690,Surname690
691,45,Profession691,Name691,Surname691
692,53,Profession692,Name692,Surname692
693,43,Profession693,Name693,Surname693
694,25,Profession694,Name694,Surname694
695,45,Profession695,Name695,Surname695
696,45,Profession696,Name696,Surname696
697,54,Profession697,Name697,Surname697
698,58,Profession698,Name698,Surname698
699,53,Profession699,Name699,Surname699
700,44,Profession700,Name700,Surname700
701,34,Profession701,Name701,Surname701
702,26,Profession702,Name702,Surname702
703,50,Profession703,Name703,Surname703
704,37,Profession704,Name704,Surname704
705,30,Profession705,Name705,Surname705
706,45,Profession706,Name706,Surname706
707,46,Profession707,Name707,Surname707
708,30,Profession708,Name708,Surname708
709,63,Profession709,Name709,Surname709
710,52,Profession710,Name710,Surname710
711,23,Profession711,Name711,Surname711
712,35,Profession712,Name712,Surname712
713,22,Profession713,Name713,Surname713
714,64,Profession714,Name714,Surname714
715,42,Profession715,Name715,Surname715
716,19,Profession716,Name716,Surname716
717,27,Profession717,Name717,Surname717
718,47,Profession718,Name718,Surname718
719,62,Profession719,Name719,Surname719
720,22,Profession720,Name720,Surname720
721,50,Profession721,Name721,Surname721
722,18,Profession722,Name722,Surname722
723,35,Profession723,Name723,Surname723
724,49,Profession724,Name724,Surname724
725,64,Profession725,Name725,Surname725
726,28,Profession726,Name726,Surname726
727,38,Profession727,Name727,Surname727
728,43,Profession728,Name728,Surname728
729,42,Profession729,Name729,Surname729
730,39,Profession730,Name730,Surname730
731,44,Profession731,Name731,Surname731
732,30,Profession732,Name732,Surname732
733,50,Profession733,Name733,Surname733
734,51,Profession734,Name734,Surname734
735,58,Profession735,Name735,Surname735
736,52,Profession736,Name736,Surname736
737,18,Profession737,Name737,Surname737
738,38,Profession738,Name738,Surname738
739,23,Profession739,Name739,Surname739
740,45,Profession740,Name740,Surname740
741,34,Profession741,Name741,Surname741
742,22,Profession742,Name742,Surname742
743,48,Profession743,Name743,Surname743
744,22,Profession744,Name744,Surname744
745,55,Profession745,Name745,Surname745
746,20,Profession746,Name746,Surname746
747,40,Profession747,Name747,Surname747
748,54,Profession748,Name748,Surname748
749,54,Profession749,Name749,Surname749
750,27,Profession750,Name750,Surname750
751,27,Profession751,Name751,Surname751
752,36,Profession752,Name752,Surname752
753,34,Profession753,Name753,Surname753
754,38,Profession754,Name754,Surname754
755,31,Profession755,Name755,Surname755
756,26,Profession756,Name756,Surname756
757,63,Profession757,Name757,Surname757
758,18,Profession758,Name758,Surname758
759,62,Profession759,Name759,Surname759
760,30,Profession760,Name760,Surname760
761,21,Profession761,Name761,Surname761
762,18,Profession762,Name762,Surname762
763,57,Profession763,Name763,Surname763
764,49,Profession764,Name764,Surname764
765,51,Profession765,Name765,Surname765
766,45,Profession766,Name766,Surname766
767,48,Profession767,Name767,Surname767
768,25,Profession768,Name768,Surname768
769,56,Profession769,Name769,Surname769
770,43,Profession770,Name770,Surname770
771,51,Profession771,Name771,Surname771
772,20,Profession772,Name772,Surname772
773,29,Profession773,Name773,Surname773
774,18,Profession774,Name774,Surname774
775,61,Profession775,Name775,Surname775
776,22,Profession776,Name776,Surname776
777,47,Profession777,Name777,Surname777
778,47,Profession778,Name778,Surname778
779,34,Profession779,Name779,Surname779
780,64,Profession780,Name780,Surname780
781,40,Profession781,Name781,Surname781
782,32,Profession782,Name782,Surname782
783,54,Profession783,Name783,Surname783
784,38,Profession784,Name784,Surname784
785,31,Profession785,Name785,Surname785
786,19,Profession786,Name786,Surname786
787,28,Profession787,Name787,Surname787
788,56,Profession788,Name788,Surname788
789,55,Profession789,Name789,Surname789
790,51,Profession790,Name790,Surname790
791,55,Profession791,Name791,Surname791
792,51,Profession792,Name792,Surname792
793,35,Profession793,Name793,Surname793
794,47,Profession794,Name794,Surname794
795,32,Profession795,Name795,Surname795
796,44,Profession796,Name796,Surname796
797,51,Profession797,Name797,Surname797
798,55,Profession798,Name798,Surname798
799,50,Profession799,Name799,Surname799
800,41,Profession800,Name800,Surname800
801,32,Profession801,Name801,Surname801
802,47,Profession802,Name802,Surname802
803,59,Profession803,Name803,Surname803
804,34,Profession804,Name804,Surname804
805,22,Profession805,Name805,Surname805
806,46,Profession806,Name806,Surname806
807,21,Profession807,Name807,Surname807
808,27,Profession808,Name808,Surname808
809,34,Profession809,Name809,Surname809
810,27,Profession810,Name810,Surname810
811,34,Profession811,Name811,Surname811
812,37,Profession812,Name812,Surname812
813,41,Profession813,Name813,Surname813
814,22,Profession814,Name814,Surname814
815,51,Profession815,Name815,Surname815
816,23,Profession816,Name816,Surname816
817,19,Profession817,Name817,Surname817
818,30,Profession818,Name818,Surname818
819,60,Profession819,Name819,Surname819
820,60,Profession820,Name820,Surname820
821,28,Profession821,Name821,Surname821
822,64,Profession822,Name822,Surname822
823,40,Profession823,Name823,Surname823
824,33,Profession824,Name824,Surname824
825,48,Profession825,Name825,Surname825
826,28,Profession826,Name826,Surname826
827,33,Profession827,Name827,Surname827
828,25,Profession828,Name828,Surname828
829,21,Profession829,Name829,Surname829
830,57,Profession830,Name830,Surname830
831,21,Profession831,Name831,Surname831
832,42,Profession832,Name832,Surname832
833,20,Profession833,Name833,Surname833
834,49,Profession834,Name834,Surname834
835,20,Profession835,Name835,Surname835
836,44,Profession836,Name836,Surname836
837,46,Profession837,Name837,Surname837
838,49,Profession838,Name838,Surname838
839,36,Profession839,Name839,Surname839
840,38,Profession840,Name840,Surname840
841,22,Profession841,Name841,Surname841
842,35,Profession842,Name842,Surname842
843,45,Profession843,Name843,Surname843
844,59,Profession844,Name844,Surname844
845,39,Profession845,Name845,Surname845
846,38,Profession846,Name846,Surname846
847,23,Profession847,Name847,Surname847
848,18,Profession848,Name848,Surname848
849,22,Profession849,Name849,Surname849
850,58,Profession850,Name850,Surname850
851,29,Profession851,Name851,Surname851
852,43,Profession852,Name852,Surname852
853,63,Profession853,Name853,Surname853
854,51,Profession854,Name854,Surname854
855,31,Profession855,Name855,Surname855
856,43,Profession856,Name856,Surname856
857,62,Profession857,Name857,Surname857
858,44,Profession858,Name858,Surname858
859,26,Profession859,Name859,Surname859
860,43,Profession860,Name860,Surname860
861,64,Profession861,Name861,Surname861
862,39,Profession862,Name862,Surname862
863,64,Profession863,Name863,Surname863
864,47,Profession864,Name864,Surname864
865,60,Profession865,Name865,Surname865
866,34,Profession866,Name866,Surname866
867,43,Profession867,Name867,Surname867
868,53,Profession868,Name868,Surname868
869,18,Profession869,Name869,Surname869
870,25,Profession870,Name870,Surname870
871,52,Profession871,Name871,Surname871
872,32,Profession872,Name872,Surname872
873,64,Profession873,Name873,Surname873
874,39,Profession874,Name874,Surname874
875,31,Profession875,Name875,Surname875
876,43,Profession876,Name876,Surname876
877,45,Profession877,Name877,Surname877
878,40,Profession878,Name878,Surname878
879,31,Profession879,Name879,Surname879
880,41,Profession880,Name880,Surname880
881,19,Profession881,Name881,Surname881
882,62,Profession882,Name882,Surname882
883,43,Profession883,Name883,Surname883
884,31,Profession884,Name884,Surname884
885,24,Profession885,Name885,Surname885
886,20,Profession886,Name886,Surname886
887,64,Profession887,Name887,Surname887
888,40,Profession888,Name888,Surname888
889,63,Profession889,Name889,Surname889
890,60,Profession890,Name890,Surname890
891,64,Profession891,Name891,Surname891
892,62,Profession892,Name892,Surname892
893,35,Profession893,Name893,Surname893
894,55,Profession894,Name894,Surname894
895,52,Profession895,Name895,Surname895
896,32,Profession896,Name896,Surname896
897,42,Profession897,Name897,Surname897
898,54,Profession898,Name898,Surname898
899,45,Profession899,Name899,Surname899
900,27,Profession900,Name900,Surname900
901,56,Profession901,Name901,Surname901
902,34,Profession902,Name902,Surname902
903,56,Profession903,Name903,Surname903
904,39,Profession904,Name904,Surname904
905,43,Profession905,Name905,Surname905
906,61,Profession906,Name906,Surname906
907,42,Profession907,Name907,Surname907
908,34,Profession908,Name908,Surname908
909,30,Profession909,Name909,Surname909
910,37,Profession910,Name910,Surname910
911,42,Profession911,Name911,Surname911
912,21,Profession912,Name912,Surname912
913,27,Profession913,Name913,Surname913
914,20,Profession914,Name914,Surname914
915,58,Profession915,Name915,Surname915
916,62,Profession916,Name916,Surname916
917,35,Profession917,Name917,Surname917
918,64,Profession918,Name918,Surname918
919,53,Profession919,Name919,Surname919
920,64,Profession920,Name920,Surname920
921,39,Profession921,Name921,Surname921
922,51,Profession922,Name922,Surname922
923,64,Profession923,Name923,Surname923
924,25,Profession924,Name924,Surname924
925,57,Profession925,Name925,Surname925
926,61,Profession926,Name926,Surname926
927,36,Profession927,Name927,Surname927
928,59,Profession928,Name928,Surname928
929,58,Profession929,Name929,Surname929
930,54,Profession930,Name930,Surname930
931,23,Profession931,Name931,Surname931
932,43,Profession932,Name932,Surname932
933,51,Profession933,Name933,Surname933
934,62,Profession934,Name934,Surname934
935,23,Profession935,Name935,Surname935
936,54,Profession936,Name936,Surname936
937,50,Profession937,Name937,Surname937
938,39,Profession938,Name938,Surname938
939,38,Profession939,Name939,Surname939
940,23,Profession940,Name940,Surname940
941,23,Profession941,Name941,Surname941
942,21,Profession942,Name942,Surname942
943,47,Profession943,Name943,Surname943
944,28,Profession944,Name944,Surname944
945,47,Profession945,Name945,Surname945
946,48,Profession946,Name946,Surname946
947,41,Profession947,Name947,Surname947
948,26,Profession948,Name948,Surname948
949,20,Profession949,Name949,Surname949
950,48,Profession950,Name950,Surname950
951,57,Profession951,Name951,Surname951
952,54,Profession952,Name952,Surname952
953,53,Profession953,Name953,Surname953
954,41,Profession954,Name954,Surname954
955,48,Profession955,Name955,Surname955
956,23,Profession956,Name956,Surname956
957,19,Profession957,Name957,Surname957
958,37,Profession958,Name958,Surname958
959,45,Profession959,Name959,Surname959
960,28,Profession960,Name960,Surname960
961,21,Profession961,Name961,Surname961
962,32,Profession962,Name962,Surname962
963,23,Profession963,Name963,Surname963
964,47,Profession964,Name964,Surname964
965,55,Profession965,Name965,Surname965
966,19,Profession966,Name966,Surname966
967,32,Profession967,Name967,Surname967
968,28,Profession968,Name968,Surname968
969,25,Profession969,Name969,Surname969
970,43,Profession970,Name970,Surname970
971,62,Profession971,Name971,Surname971
972,61,Profession972,Name972,Surname972
973,22,Profession973,Name973,Surname973
974,23,Profession974,Name974,Surname974
975,43,Profession975,Name975,Surname975
976,21,Profession976,Name976,Surname976
977,36,Profession977,Name977,Surname977
978,37,Profession978,Name978,Surname978
979,50,Profession979,Name979,Surname979
980,37,Profession980,Name980,Surname980
981,29,Profession981,Name981,Surname981
982,64,Profession982,Name982,Surname982
983,18,Profession983,Name983,Surname983
984,43,Profession984,Name984,Surname984
985,31,Profession985,Name985,Surname985
986,55,Profession986,Name986,Surname986
987,54,Profession987,Name987,Surname987
988,28,Profession988,Name988,Surname988
989,53,Profession989,Name989,Surname989
990,30,Profession990,Name990,Surname990
991,60,Profession991,Name991,Surname991
992,20,Profession992,Name992,Surname992
993,50,Profession993,Name993,Surname993
994,23,Profession994,Name994,Surname994
995,27,Profession995,Name995,Surname995
996,22,Profession996,Name996,Surname996
997,40,Profession997,Name997,Surname997
998,27,Profession998,Name998,Surname998
999,61,Profession999,Name999,Surname999
1000,19,Profession1000,Name1000,Surname1000
